,ell0,ell1,ell2,ell-inf,redundancy,violation,ynn,success,avgtime
0,1.0,0.07692307692307693,0.00591715976331361,0.07692307692307693,0,0,0.0,0.01,1.8294357999999988
