,ell0,ell1,ell2,ell-inf,redundancy,violation,ynn,success,avgtime
0,4.0,0.9987831320691866,0.5965428436713546,0.720478630065918,2,0,0.3999999999999999,1.0,52.790512250000006
1,3.0,0.1713082834911518,0.017549147414288525,0.12357434431711833,1,0,,,
