,ell0,ell1,ell2,ell-inf,redundancy,violation,ynn,success,avgtime
0,7.0,2.2878929210974,2.033935119202941,1.0,0,0,1.0,0.03,1.5291096360000573
1,7.0,2.280829120835241,2.027088977806717,1.0,0,0,,,
2,7.0,3.4541661419787952,3.072900732944353,1.0,0,0,,,
