,ell0,ell1,ell2,ell-inf,redundancy,violation,ynn,success,avgtime
0,8.0,3.3730267767655793,3.069112880118837,1.0,4,0,0.2333333333333334,1.0,3.5667642233341517
1,6.0,1.249821463832506,1.0187241016170843,1.0,3,0,,,
2,6.0,1.1955659562303205,1.0109574314866336,1.0,4,0,,,
3,8.0,3.6655867873634467,3.2991435953051815,1.0,2,0,,,
4,6.0,1.3001722585541764,1.0354816949123533,1.0,4,0,,,
5,6.0,2.007821998351166,1.3961650741684262,1.0,2,0,,,
