,ell0,ell1,ell2,ell-inf,redundancy,violation,ynn,success,avgtime
0,7.0,3.274589276765579,3.059422938712587,1.0,4,0,0.2333333333333334,1.0,3.5667642233341517
1,5.0,1.2170089638325061,1.0176474414608343,1.0,0,0,,,
2,6.0,1.1955659562303205,1.0109574314866336,1.0,4,0,,,
3,7.0,3.1343367873634467,3.0169170328051815,1.0,2,0,,,
4,5.0,1.1579847585541765,1.0152644097561032,1.0,0,0,,,
5,5.0,1.9890719983511658,1.3958135116684263,1.0,2,0,,,
