,ell0,ell1,ell2,ell-inf,redundancy,violation,ynn,success,avgtime
0,1.0,0.09843749999999997,0.009689941406249994,0.09843749999999997,0,0,0.9,1.0,3.5667642233341517
1,1.0,0.0328125,0.00107666015625,0.0328125,0,0,,,
2,0.0,0.0,0.0,0.0,0,0,,,
3,1.0,0.5312499999999999,0.2822265624999999,0.5312499999999999,0,0,,,
4,1.0,0.14218750000000002,0.020217285156250007,0.14218750000000002,0,0,,,
5,1.0,0.018750000000000003,0.0003515625000000001,0.018750000000000003,0,0,,,
