,ell0,ell1,ell2,ell-inf,redundancy,violation,ynn,success,avgtime
0,6.0,1.2873749916303932,1.0361914221366082,1.0,3,0,0.48,1.0,0.7381823449997682
1,6.0,1.2550154483410205,1.0199603287013774,1.0,3,0,,,
2,7.0,2.0965518170954525,2.0051210685469747,1.0,5,0,,,
3,9.0,5.032435068460046,4.8522052669987845,1.0,0,0,,,
4,6.0,1.4815056313191557,1.0740950279636052,1.0,1,0,,,
