,ell0,ell1,ell2,ell-inf,redundancy,violation,ynn,success,avgtime
0,8.0,3.0867525686666926,2.5417674922942073,1.0,8,1,0.9568181818181818,0.9072164948453608,0.4242353999999864
