,ell0,ell1,ell2,ell-inf,redundancy,violation,ynn,success,avgtime
0,6.0,0.8822548532106644,0.3020254120636403,0.5,5,1,0.9836065573770492,0.8714285714285714,2.099733699999888
