,ell0,ell1,ell2,ell-inf,redundancy,violation,ynn,success,avgtime
0,6.0,2.4306025192136134,2.0888970636026647,1.0,3,2,0.264,0.75,1.5831216999999924
